{
  "GlobalConfiguration": {
    "BaseUrl": "http://localhost:6000"
  },
  "Routes": [
    {
      "UpstreamPathTemplate": "/products",
      "UpstreamHttpMethod": [ "GET", "POST" ],
      "DownstreamPathTemplate": "/api/productsapi",
      "DownstreamScheme": "http",
      "DownstreamHostAndPorts": [
        {
          "Host": "catalogservice",
          "Port": 8080
        }
      ]
    },
    {
      "UpstreamPathTemplate": "/orders",
      "UpstreamHttpMethod": [ "GET", "POST" ],
      "DownstreamPathTemplate": "/api/ordersapi",
      "DownstreamScheme": "http",
      "DownstreamHostAndPorts": [
        {
          "Host": "orderservice",
          "Port": 8080
        }
      ]
    }
  ]
}
