{
  "Routes": [
    {
      "DownstreamPathTemplate": "/api/productsapi",
      "DownstreamScheme": "https",
      "DownstreamHostAndPorts": [
        {
          "Host": "localhost",
          "Port": 7010
        }
      ],
      "UpstreamHttpMethod": [ "GET" ],
      "UpstreamPathTemplate": "/products"
    },
    {
      "DownstreamPathTemplate": "/api/ordersapi",
      "DownstreamScheme": "https",
      "DownstreamHostAndPorts": [
        {
          "Host": "localhost",
          "Port": 7047
        }
      ],
      "UpstreamHttpMethod": [ "GET" ],
      "UpstreamPathTemplate": "/orders"      
    }
  ],
  "GlobalConfiguration": {
    "BaseUrl": "https://localhost:7189"
  }
}
